<?xml version="1.0" encoding="utf-8"?>
<Catchment xmlns:xsi="http://www.w3.org/2001/XMLSchema-instance" xmlns:xsd="http://www.w3.org/2001/XMLSchema">
  <CatchmentParameters>
    <KSI>0.001</KSI>
    <KGmin>0.05</KGmin>
    <RangeKG>0.1</RangeKG>
    <AG>0.1</AG>
    <PERC>0.54297266</PERC>
    <Alpha>0</Alpha>
    <UZL>84.01107</UZL>
    <K0>0.30431235</K0>
    <K1>0.09046423</K1>
    <K2>0.039088833</K2>
    <MAXBAS>1.925471</MAXBAS>
    <Cet>0</Cet>
    <PCALT>10</PCALT>
    <TCALT>0.6</TCALT>
    <Pelev>2541</Pelev>
    <Telev>2541</Telev>
    <PART>0.5</PART>
    <DELAY>1</DELAY>
  </CatchmentParameters>
  <VegetationZone>
    <VegetationZoneParameters>
      <TT>2.105265069</TT>
      <CFMAX>2.083803</CFMAX>
      <SP>0</SP>
      <SFCF>0.6703962</SFCF>
      <CFR>0.05</CFR>
      <CWH>0.0238570111</CWH>
      <CFGlacier>1</CFGlacier>
      <CFSlope>1</CFSlope>
      <FC>197.4047</FC>
      <LP>0.998601</LP>
      <BETA>2.738319</BETA>
    </VegetationZoneParameters>
  </VegetationZone>
  <SubCatchment>
    <SubCatchmentParameters>
      <KSI>0.001</KSI>
      <KGmin>0.05</KGmin>
      <RangeKG>0.1</RangeKG>
      <AG>0.1</AG>
      <PERC>0.54297266</PERC>
      <Alpha>0</Alpha>
      <UZL>84.01107</UZL>
      <K0>0.30431235</K0>
      <K1>0.09046423</K1>
      <K2>0.039088833</K2>
      <MAXBAS>1.925471</MAXBAS>
      <Cet>0</Cet>
      <PCALT>10</PCALT>
      <TCALT>0.6</TCALT>
      <Pelev>2541</Pelev>
      <Telev>2541</Telev>
      <PART>0.5</PART>
      <DELAY>1</DELAY>
    </SubCatchmentParameters>
    <SubCatchmentVegetationZone>
      <SubCatchmentVegetationZoneParameters>
        <TT>2.105265069</TT>
        <CFMAX>2.083803</CFMAX>
        <SP>0</SP>
        <SFCF>0.6703962</SFCF>
        <CFR>0.05</CFR>
        <CWH>0.0238570111</CWH>
        <CFGlacier>1</CFGlacier>
        <CFSlope>1</CFSlope>
        <FC>197.4047</FC>
        <LP>0.998601</LP>
        <BETA>2.738319</BETA>
      </SubCatchmentVegetationZoneParameters>
    </SubCatchmentVegetationZone>
  </SubCatchment>
</Catchment>